level,lesson_order,lesson_title,greek,russian,example
A2,1,Урок 1,το βιβλίο,книга,
A2,1,Урок 1,το τετράδιο,тетрадь,
A2,1,Урок 1,το περιοδικό,журнал,
A2,1,Урок 1,το μολύβι,карандаш,
A2,1,Урок 1,το στυλό,ручка,
A2,1,Урок 1,η πένα,ручка,
A2,1,Урок 1,το σχολείο,школа,
A2,1,Урок 1,το δωμάτιο,комната,
A2,1,Урок 1,το σπίτι,дом,
A2,1,Урок 1,το γραφείο,"офис, кабинет, письменный стол",
A2,1,Урок 1,το τηλέφωνο,телефон,
A2,1,Урок 1,το ραδιόφωνο,радио,
A2,1,Урок 1,το ρολόι,часы,
A2,1,Урок 1,το αυτοκίνητο,машина,
A2,1,Урок 1,το παράθυρο,окно,
A2,1,Урок 1,η πόρτα,дверь,
A2,1,Урок 1,ο τοίχος,стена,
A2,1,Урок 1,το πάρκο,парк,
A2,1,Урок 1,το κουτί,коробка,
A2,1,Урок 1,το βάζο,ваза,
A2,1,Урок 1,το κομπιούτερ,компьютер,
A2,1,Урок 1,το ερμάρι,шкаф,
A2,1,Урок 1,το τραπέζι,стол,
A2,1,Урок 1,το πάτωμα,пол,
A2,1,Урок 1,το ταβάνι,потолок,
A2,1,Урок 1,το κλειδί,ключ,
A2,1,Урок 1,το διαμέρισμα,квартира,
A2,1,Урок 1,το λουλούδι,цветок,
A2,1,Урок 1,το καλάθι,корзина,
A2,1,Урок 1,το γράμμα,письмо,
A2,1,Урок 1,το κατάστημα,магазин,
A2,1,Урок 1,το πράγμα,вещь,
A2,1,Урок 1,το φόρεμα,платье,
A2,1,Урок 1,το μάθημα,урок,
A2,1,Урок 1,το μήλο,яблоко,
A2,1,Урок 1,το φρούτο,фрукт,
A2,1,Урок 1,το νερό,вода,
A2,1,Урок 1,το ψωμί,хлеб,
A2,1,Урок 1,ο μαθητής,ученик,
A2,1,Урок 1,η μαθήτρια,ученица,
A2,1,Урок 1,ο δάσκαλος,учитель,
A2,1,Урок 1,η δασκάλα,учительница,
A2,1,Урок 1,ο γιατρός,врач,
A2,1,Урок 1,ο κύριος,господин,
A2,1,Урок 1,η κυρία,госпожа,
A2,1,Урок 1,ο φοιτητής,студент,
A2,1,Урок 1,η φοιτήτρια,студентка,
A2,1,Урок 1,η καρέκλα,стул,
A2,1,Урок 1,το παιδί (τα παιδιά),ребёнок (дети),
A2,1,Урок 1,το ποδήλατο,велосипед,
A2,1,Урок 1,το πουκάμισο,рубашка,
A2,1,Урок 1,το παλτό,пальто,
A2,1,Урок 1,το σακάκι,"куртка, пиджак",
A2,1,Урок 1,το καπέλο,шапка,
A2,1,Урок 1,το παντελόνι,брюки,
A2,1,Урок 1,ο πίνακας,"доска, картина",
A2,1,Урок 1,ο χαρτοφύλακας,портфель,
A2,1,Урок 1,η τσάντα,сумка,
A2,1,Урок 1,η πόλη,город,
A2,1,Урок 1,το χωριό,деревня,
A2,1,Урок 1,το όνομα,имя,
A2,1,Урок 1,ο άντρας,"мужчина, муж",
A2,1,Урок 1,η γυναίκα,"женщина, жена",
A2,1,Урок 1,ο καθηγητής,преподаватель,
A2,1,Урок 1,η καθηγήτρια,преподавательница,
A2,1,Урок 1,η τάξη,класс,
A2,1,Урок 1,η χώρα,страна,
A2,1,Урок 1,η Ρωσία,Россия,
A2,1,Урок 1,η Ελλάδα,Греция,
A2,1,Урок 1,η Τουρκία,Турция,
A2,1,Урок 1,η Αγγλία,Англия,
A2,1,Урок 1,η Ισπανία,Испания,
A2,1,Урок 1,ο Καναδάς,Канада,
A2,1,Урок 1,ο Λίβανος,Ливан,
A2,1,Урок 1,η Βουλγαρία,Болгария,
A2,1,Урок 1,το Βέλγιο,Бельгия,
A2,1,Урок 1,η Γαλλία,Франция,
A2,1,Урок 1,η Γερμανία,Германия,
A2,1,Урок 1,η Κύπρος,Кипр,
A2,1,Урок 1,η Ιταλία,Италия,
A2,1,Урок 1,η Λευκορωσία,Беларусь,
A2,1,Урок 1,η Ουκρανία,Украина,
A2,2,Урок 2,το επώνυμο,фамилия,
A2,2,Урок 2,το επίθετο,фамилия,
A2,2,Урок 2,η διεύθυνση,адрес,
A2,2,Урок 2,η περιοχή,район,
A2,2,Урок 2,ο ταχυδρομικός κώδικας,почтовый индекс,
A2,2,Урок 2,το σταθερό,домашний телефон,
A2,2,Урок 2,το κινητό,мобильный,
A2,2,Урок 2,ακριβώς,"именно, точно, ровно",
A2,2,Урок 2,το νούμερο,номер,
A2,2,Урок 2,ο δρόμος,"дорога, улица, путь",
A2,2,Урок 2,η θάλασσα,море,
A2,2,Урок 2,το φαρμακείο,аптека,
A2,2,Урок 2,ο ήλιος,солнце,
A2,2,Урок 2,ο ουρανός,небо,
A2,2,Урок 2,το μουσείο,музей,
A2,2,Урок 2,το εστιατόριο,ресторан,
A2,2,Урок 2,το περίπτερο,киоск,
A2,2,Урок 2,η ταβέρνα,таверна,
A2,2,Урок 2,το νοσοκομείο,больница,
A2,2,Урок 2,ο φούρνος,хлебный магазин,
A2,2,Урок 2,το μαγαζί,"магазин, заведение",
A2,2,Урок 2,το ξενοδοχείο,гостиница,
A2,2,Урок 2,το πρόβλημα,проблема,
A2,2,Урок 2,το δημαρχείο,мэрия,
A2,2,Урок 2,το εργοστάσιο,завод,
A2,2,Урок 2,το ταχυδρομείο,почта,
A2,2,Урок 2,το βιβλιοπωλείο,книжный магазин,
A2,2,Урок 2,το αεροδρόμιο,аэропорт,
A2,2,Урок 2,το κρέας,мясо,
A2,2,Урок 2,το κρασί,вино,
A2,2,Урок 2,το γάλα,молоко,
A2,2,Урок 2,το ποτήρι,стакан,
A2,2,Урок 2,το μπουκάλι,бутылка,
A2,2,Урок 2,τα λεφτά,деньги,
A2,2,Урок 2,τα χρήματα,деньги,
A2,2,Урок 2,η θέρμανση,отопление,
A2,2,Урок 2,η εφημερίδα,газета,
A2,2,Урок 2,το ποδόσφαιρο,футбол,
A2,2,Урок 2,το ψάρι,рыба,
A2,2,Урок 2,η έκθεση,"выставка, сочинение",
A2,2,Урок 2,το βράδυ,"вечер, вечером",
A2,2,Урок 2,το παγωτό,мороженое,
A2,2,Урок 2,το πιάνο,пианино,
A2,2,Урок 2,ο χυμός,сок,
A2,2,Урок 2,ο καφές,кофе,
A2,2,Урок 2,το λιμάνι,порт,
A2,2,Урок 2,η στάση,остановка,
A2,2,Урок 2,η τράπεζα,банк,
A2,2,Урок 2,η πλατεία,площадь,
A2,2,Урок 2,ο κινηματογράφος,"кинотеатр, кинематограф",
A2,2,Урок 2,το μετρό,метро,
A2,2,Урок 2,το λεωφορείο,автобус,
A2,2,Урок 2,ήδη / πια,уже,
A2,2,Урок 2,καλά,хорошо,
A2,2,Урок 2,το σκυλάκι,собачка,
A2,2,Урок 2,τώρα,сейчас,
A2,2,Урок 2,κοντά,недалеко,
A2,2,Урок 2,εδώ,здесь,
A2,2,Урок 2,εκεί,там,
A2,2,Урок 2,συχνά,часто,
A2,2,Урок 2,συνήθως,обычно,
A2,2,Урок 2,πάντα,всегда,
A2,2,Урок 2,σπάνια,редко,
A2,2,Урок 2,ποτέ,никогда,
A2,2,Урок 2,τα Ελληνικά,греческий язык,
A2,2,Урок 2,τα Αγγλικά,английский язык,
A2,2,Урок 2,το πορτοφόλι,кошелёк,
A2,2,Урок 2,το παραμύθι,сказка,
A2,2,Урок 2,μένω,жить,
A2,2,Урок 2,έχω,иметь,
A2,2,Урок 2,κάνω,делать,
A2,2,Урок 2,διαβάζω,читать,
A2,2,Урок 2,γράφω,писать,
A2,2,Урок 2,παίζω,играть,
A2,2,Урок 2,μαθαίνω,учить,
A2,2,Урок 2,μαγειρεύω,готовить еду,
A2,2,Урок 2,ξέρω,знать,
A2,2,Урок 2,βλέπω,видеть,
A2,2,Урок 2,κοιτάζω,смотреть,
A2,2,Урок 2,θέλω,хотеть,
A2,2,Урок 2,αγοράζω,покупать,
A2,2,Урок 2,δουλεύω,работать,
A2,2,Урок 2,καπνίζω,курить,
A2,2,Урок 2,καταλαβαίνω,понимать,
A2,2,Урок 2,σπουδάζω,учиться (в ВУЗЕ),
A2,2,Урок 2,διδάσκω,преподавать,
A2,2,Урок 2,πηγαίνω,"идти, ходить, ехать, ездить",
A2,2,Урок 2,περιμένω,ждать,
A2,3,Урок 3,η οικογένεια,семья,
A2,3,Урок 3,η μητέρα / η μαμά,мама,
A2,3,Урок 3,ο πατέρας / ο μπαμπάς,папа,
A2,3,Урок 3,η κόρη,дочь,
A2,3,Урок 3,ο γιος,сын,
A2,3,Урок 3,ο αδελφός / ο αδερφός,брат,
A2,3,Урок 3,η αδελφή / η αδερφή,сестра,
A2,3,Урок 3,τα αδέλφια / τα αδέρφια,братья и сёстры,
A2,3,Урок 3,ο παππούς,дедушка,
A2,3,Урок 3,η γιαγιά,бабушка,
A2,3,Урок 3,ο εγγονός,внук,
A2,3,Урок 3,η εγγονή,внучка,
A2,3,Урок 3,τα εγγόνια,внуки,
A2,3,Урок 3,ο θείος,дядя,
A2,3,Урок 3,η θεία,тётя,
A2,3,Урок 3,ο ξάδελφος / ο ξάδερφος,двоюродный брат,
A2,3,Урок 3,η ξαδέλφη / η ξαδέρφη,двоюродная сестра,
A2,3,Урок 3,τα ξαδέλφια / τα ξαδέρφια,двоюродные братья и сёстры,
A2,3,Урок 3,ο ανιψιός,племянник,
A2,3,Урок 3,η ανιψιά,племянница,
A2,3,Урок 3,τα ανίψια,племянники,
A2,3,Урок 3,οι γονείς,родители,
A2,3,Урок 3,το σόι / οι συγγενείς,родня / родственники,
A2,3,Урок 3,το αγόρι,мальчик,
A2,3,Урок 3,το κορίτσι,девочка,
A2,3,Урок 3,η οικογενειακή κατάσταση,семейное положение,
A2,3,Урок 3,παντρεμένος,женатый,
A2,3,Урок 3,παντρεμένη,замужняя,
A2,3,Урок 3,ανύπαντρος,неженатый,
A2,3,Урок 3,ανύπαντρη,незамужняя,
A2,3,Урок 3,ελεύθερος,свободный,
A2,3,Урок 3,ελεύθερη,свободная,
A2,3,Урок 3,αρραβωνιασμένος,обручённый,
A2,3,Урок 3,αρραβωνιασμένη,обручённая,
A2,3,Урок 3,χωρισμένος,разведённый,
A2,3,Урок 3,χωρισμένη,разведённая,
A2,3,Урок 3,ο χήρος,вдовец,
A2,3,Урок 3,η χήρα,вдова,
A2,3,Урок 3,η δουλειά,работа,
A2,3,Урок 3,ο / η δικηγόρος,адвокат,
A2,3,Урок 3,ο / η ηλεκτρολόγος,электрик,
A2,3,Урок 3,ο / η οδηγός,водитель,
A2,3,Урок 3,ο / η μηχανικός,инженер,
A2,3,Урок 3,ο / η υπάλληλος,служащий,
A2,3,Урок 3,ο / η ηθοποιός,актёр / актриса,
A2,3,Урок 3,ο / η ταμίας,кассир,
A2,3,Урок 3,ο / η αρχιτέκτονας,архитектор,
A2,3,Урок 3,ο / η γραμματέας,секретарь,
A2,3,Урок 3,ο / η δημοσιογράφος,журналист / журналистка,
A2,3,Урок 3,ο / η φαρμακοποιός,"фармацевт, провизор",
A2,3,Урок 3,ο / η αρχαιολόγος,археолог,
A2,3,Урок 3,ο / η φωτογράφος,фотограф,
A2,3,Урок 3,ο / η οδοντίατρος,зубной врач,
A2,3,Урок 3,ο / η μαθηματικός,математик,
A2,3,Урок 3,ο κομμωτής / η κομμώτρια,парикмахер,
A2,3,Урок 3,ο εργάτης / η εργάτρια,рабочий / рабочая,
A2,3,Урок 3,ο πωλητής / η πωλήτρια,продавец / продавщица,
A2,3,Урок 3,ο αθλητής / η αθλήτρια,спортсмен / спортсменка,
A2,3,Урок 3,ο σερβιτόρος / η σερβιτόρα,официант / официантка,
A2,3,Урок 3,ο νοσοκόμος / η νοσοκόμα,медбрат / медсестра,
A2,3,Урок 3,ο άνεργος / η άνεργη,безработный / безработная,
A2,3,Урок 3,ο μάγειρας / η μαγείρισσα,повар,
A2,3,Урок 3,ο τραγουδιστής / η τραγουδίστρια,певец / певица,
A2,3,Урок 3,ο φίλος,друг,
A2,3,Урок 3,η φίλη,подруга,
A2,3,Урок 3,μαζί,вместе,
A2,3,Урок 3,ταξιδεύω,путешествовать,
A2,3,Урок 3,το σούπερ μάρκετ,супермаркет,
A2,3,Урок 3,το κομμωτήριο,парикмахерская,
A2,3,Урок 3,το συνεργείο,"ремонтная мастерская, бригада",
A2,3,Урок 3,ψάχνω (για),искать,
A2,3,Урок 3,το ταμείο,касса,
A2,3,Урок 3,η ιστορία,история,
A2,3,Урок 3,το δικηγορικό γραφείο,адвокатская контора,
A2,3,Урок 3,το φωτογραφείο,фотоателье,
A2,3,Урок 3,η φωτογραφία,фотография,
A2,4,Урок 4,το καφενείο / η καφετέρια,кафе,
A2,4,Урок 4,ο σταθμός,"станция, вокзал",
A2,4,Урок 4,η αγγελία,объявление,
A2,4,Урок 4,η αμοιβή,"оплата услуг, гонорар",
A2,4,Урок 4,ο χώρος,"место, пространство, территория, помещение",
A2,4,Урок 4,η γραμματεία,"секретариат, приемная",
A2,4,Урок 4,το ωράριο,"график работы, часы работы",
A2,4,Урок 4,η ρεσεψιόν,"администрация, приемная",
A2,4,Урок 4,η ώρα,"время, час",
A2,4,Урок 4,η γνώση,знание,
A2,4,Урок 4,η εταιρεία,"компания, фирма",
A2,4,Урок 4,το έντυπο,бланк,
A2,4,Урок 4,η εγγραφή,"запись, регистрация",
A2,4,Урок 4,η εθνικότητα,национальность,
A2,4,Урок 4,η γλώσσα,язык,
A2,4,Урок 4,το επάγγελμα,профессия,
A2,4,Урок 4,η αρχαιολογία,археология,
A2,4,Урок 4,το πανεπιστήμιο,университет,
A2,4,Урок 4,η κάρτα / ο χάρτης,карта,
A2,4,Урок 4,το θρανίο,парта,
A2,4,Урок 4,το σφουγγάρι,губка,
A2,4,Урок 4,το ράφι,полка,
A2,4,Урок 4,η βιβλιοθήκη,библиотека,
A2,4,Урок 4,ο υπολογιστής,компьютер,
A2,4,Урок 4,το σπουδαστήριο,зал для занятий в учебном заведении,
A2,4,Урок 4,ο μαρκαδόρος,маркер,
A2,4,Урок 4,το σακίδιο,рюкзак,
A2,4,Урок 4,το διάλειμμα,"перемена, перерыв",
A2,4,Урок 4,το δίπλωμα / το πτυχίο,диплом,
A2,4,Урок 4,το πρόγραμμα,программа,
A2,4,Урок 4,το αμφιθέατρο,амфитеатр,
A2,4,Урок 4,το κυλικείο,буфет,
A2,4,Урок 4,το μέρος,"место, часть",
A2,4,Урок 4,ο μάγος,маг,
A2,4,Урок 4,τα νομικά,"правоведение, юриспруденция",
A2,4,Урок 4,τα οικονομικά,экономика,
A2,4,Урок 4,η ψυχολογία,психология,
A2,4,Урок 4,η ιατρική,медицина,
A2,4,Урок 4,η φιλολογία,филология,
A2,4,Урок 4,η πληροφορική,информатика,
A2,4,Урок 4,η αρχιτεκτονική,архитектура,
A2,4,Урок 4,τα παιδαγωγικά,педагогика,
A2,4,Урок 4,η μετάφραση / η διερμηνεία,перевод,
A2,4,Урок 4,η σχολή,"факультет, школа",
A2,4,Урок 4,το τμήμα,"отделение, отдел",
A2,4,Урок 4,η αίθουσα,зал,
A2,4,Урок 4,το πάσο,"пропуск, проездной",
A2,4,Урок 4,το εισιτήριο,билет,
A2,4,Урок 4,το μεταπτυχιακό,магистратура,
A2,4,Урок 4,το διδακτορικό,докторантура,
A2,4,Урок 4,η εργασία,"работа, труд, письменная работа",
A2,4,Урок 4,η μπίρα,пиво,
A2,4,Урок 4,το σουβλάκι,шашлык,
A2,4,Урок 4,το κεφάλι,голова,
A2,4,Урок 4,το καλοκαίρι,"лето, летом",
A2,4,Урок 4,η μπλούζα,блузка,
A2,4,Урок 4,η αίτηση,"заявление, прошение",
A2,4,Урок 4,η συμμετοχή,участие,
A2,4,Урок 4,οι σπουδές,учёба,
A2,4,Урок 4,οι προσωπικές πληροφορίες,личная информация,
A2,4,Урок 4,τα κεφαλαία γράμματα,заглавные буквы,
A2,4,Урок 4,το φύλο,пол,
A2,4,Урок 4,η ημερομηνία γέννησης,дата рождения,
A2,4,Урок 4,το διαβατήριο (ο αριθμός διαβατηρίου),паспорт (номер паспорта),
A2,4,Урок 4,η ταυτότητα ( ο αριθμός ταυτότητας),удостоверение личности,
A2,4,Урок 4,ο / η κτηνίατρος,ветеринар,
A2,4,Урок 4,ο γυμναστής / η γυμνάστρια,"инструктор в спортзале, учитель физкультуры",
A2,4,Урок 4,ο ξυλουργός,плотник,
A2,4,Урок 4,ιδιωτικός,частный,
A2,4,Урок 4,ξένος,иностранный,
A2,4,Урок 4,φιλικός,дружелюбный,
A2,4,Урок 4,καλός,хороший,
A2,4,Урок 4,πλήρης,полный,
A2,4,Урок 4,πρωινός,утренний,
A2,4,Урок 4,λίγο,немного,
A2,4,Урок 4,καθόλου,совсем (не),
A2,4,Урок 4,αρκετά,достаточно,
A2,4,Урок 4,αγαπώ / αγαπάω (1),любить,
A2,4,Урок 4,μιλώ / μιλάω (1),говорить,
A2,4,Урок 4,ζητώ / ζητάω (1),"просить, требовать, искать (человека)",
A2,4,Урок 4,βοηθώ / βοηθάω (1),помогать,
A2,4,Урок 4,μελετώ / μελετάω (1),изучать,
A2,4,Урок 4,διψώ / διψάω (1),хотеть пить,
A2,4,Урок 4,πεινώ / πεινάω (1),хотеть есть,
A2,4,Урок 4,τραγουδώ / τραγουδάω (1),петь,
A2,4,Урок 4,πονώ / πονάω (1),чувствовать боль,
A2,4,Урок 4,ρωτώ / ρωτάω (1),спрашивать,
A2,4,Урок 4,απαντώ / απαντάω (1),отвечать,
A2,4,Урок 4,σταματώ / σταματάω (1),останавливаться,
A2,4,Урок 4,φορώ / φοράω (1),носить,
A2,4,Урок 4,φωνάζω,"кричать, звать",
A2,5,Урок 5,το τουριστικό γραφείο,туристическая фирма,
A2,5,Урок 5,η οδός (στην οδό),улица (на улице),
A2,5,Урок 5,το κέντρο,центр,
A2,5,Урок 5,η μέρα,день,
A2,5,Урок 5,ο πολιτικός,политик,
A2,5,Урок 5,ο κόσμος,"мир, люди",
A2,5,Урок 5,το εκατομμύριο,миллион,
A2,5,Урок 5,ο ποδοσφαιριστής,футболист,
A2,5,Урок 5,η λέξη,слово,
A2,5,Урок 5,το ποτό,напиток,
A2,5,Урок 5,η βοήθεια,помощь,
A2,5,Урок 5,το φαγητό,еда,
A2,5,Урок 5,το ταξί,такси,
A2,5,Урок 5,ο ταξιτζής,таксист,
A2,5,Урок 5,ο άνθρωπος,человек,
A2,5,Урок 5,η σχέση (έχω σχέση),"связь, отношения",
A2,5,Урок 5,ο δεσμός (έχω δεσμό),"узел, связь, отношения",
A2,5,Урок 5,η κοπέλα,девушка,
A2,5,Урок 5,το μοναχοπαίδι,единственный ребёнок в семье,
A2,5,Урок 5,το κουδούνι,звонок,
A2,5,Урок 5,ο συμφοιτητής / η συμφοιτήτρια,однокурсник / однокурсница,
A2,5,Урок 5,ο κήπος,сад,
A2,5,Урок 5,η ζακέτα,жакет,
A2,5,Урок 5,η άσκηση,упражнение,
A2,5,Урок 5,η έγκυος,женщина в положении,
A2,5,Урок 5,το σαλόνι,зал,
A2,5,Урок 5,η ταινία,фильм,
A2,5,Урок 5,το ρεπορτάζ,репортаж,
A2,5,Урок 5,η ηλικία,возраст,
A2,5,Урок 5,ο τόπος,место,
A2,5,Урок 5,η κατοικία,дом,
A2,5,Урок 5,η απάντηση,ответ,
A2,5,Урок 5,η μουσική,музыка,
A2,5,Урок 5,η Φιλοσοφική σχολή,философский факультет,
A2,5,Урок 5,ο / η ψυχολόγος,психолог,
A2,5,Урок 5,ο / η φιλόλογος,филолог,
A2,5,Урок 5,το τσάι,чай,
A2,5,Урок 5,μήπως,может быть (вопрос),
A2,5,Урок 5,ίσως,может быть (утверждение),
A2,5,Урок 5,μια μέρα,"однажды, когда-нибудь, как-нибудь",
A2,5,Урок 5,πόσα,сколько,
A2,5,Урок 5,ακόμα,ещё,
A2,5,Урок 5,σωστά,правильно,
A2,5,Урок 5,σε λίγο,скоро,
A2,5,Урок 5,συμπληρώνω,заполнять,
A2,5,Урок 5,πάω,идти,
A2,5,Урок 5,τρώω,кушать,
A2,5,Урок 5,πίνω,пить,
A2,5,Урок 5,φτιάχνω,делать (что-лобо вещественное),
A2,5,Урок 5,σερβίρω,сервировать,
A2,5,Урок 5,ανοίγω,открывать,
A2,5,Урок 5,κλείνω,закрывать,
A2,5,Урок 5,αρχίζω,начинать,
A2,5,Урок 5,τελειώνω,заканчивать,
A2,5,Урок 5,φωτογραφίζω,фотографировать,
A2,5,Урок 5,κουρεύω,стричь,
A2,5,Урок 5,μεγάλος,большой,
A2,5,Урок 5,μικρός,маленький,
A2,5,Урок 5,όμορφος,красивый,
A2,5,Урок 5,άσχημος,"некрасивый, плохой",
A2,5,Урок 5,ακριβός,дорогой,
A2,5,Урок 5,φτηνός,дешёвый,
A2,5,Урок 5,καθαρός,чистый,
A2,5,Урок 5,καλός,хороший,
A2,5,Урок 5,ζεστός,горячий,
A2,5,Урок 5,έξυπνος,умный,
A2,5,Урок 5,εύκολος,лёгкий,
A2,5,Урок 5,δύσκολος,трудный,
A2,5,Урок 5,γεμάτος,полный,
A2,5,Урок 5,έτοιμος,готовый,
A2,5,Урок 5,ανοικτός,открытый,
A2,5,Урок 5,κλειστός,закрытый,
A2,5,Урок 5,γρήγορος,быстрый,
A2,5,Урок 5,ευγενικός,вежливый,
A2,5,Урок 5,δυνατός,"сильный, крепкий, реальный, громкий",
A2,5,Урок 5,βρώμικος,грязный,
A2,5,Урок 5,αυστηρός,строгий,
A2,5,Урок 5,ψηλός,высокий,
A2,5,Урок 5,χαμηλός,низкий (о предметах),
A2,5,Урок 5,κοντός,низкий (о людях),
A2,5,Урок 5,νέος,"новый, молодой",
A2,5,Урок 5,ωραίος,прекрасный,
A2,5,Урок 5,παλιός,старый,
A2,5,Урок 5,καινούργιος,новый,
A2,5,Урок 5,κρύος,холодный,
A2,5,Урок 5,άδειος,пустой,
A2,5,Урок 5,μοντέρνος,современный,
A2,5,Урок 5,σκούρος,тёмный,
A2,5,Урок 5,γκρίζος,серый,
A2,6,Урок 6,τα μέσα μαζικής μεταφοράς,"средства массовой перевозки, общественный транспорт",
A2,6,Урок 6,το τρόλεϊ,троллейбус,
A2,6,Урок 6,το τραμ,трамвай,
A2,6,Урок 6,η μηχανή (το μηχανάκι),мотоцикл,
A2,6,Урок 6,ο ηλεκτρικός (σιδηρόδρομος),метро,
A2,6,Урок 6,ο προαστιακός,пригородный поезд,
A2,6,Урок 6,το αεροπλάνο,самолёт,
A2,6,Урок 6,το πλοίο,"теплоход, корабль",
A2,6,Урок 6,το πόδι (τα πόδια),нога (ноги),
A2,6,Урок 6,η διαδρομή,"маршрут, дорога (выбранная)",
A2,6,Урок 6,το βαγόνι,вагон,
A2,6,Урок 6,η πλατφόρμα,"платформа, перрон",
A2,6,Урок 6,ο επιβάτης,пассажир,
A2,6,Урок 6,η λαϊκή,рынок,
A2,6,Урок 6,η γραμμή,линия,
A2,6,Урок 6,το ταξιδιωτικό γραφείο,туристическая фирма,
A2,6,Урок 6,η επιστροφή,"возврат, возвращение",
A2,6,Урок 6,ο σκύλος,собака,
A2,6,Урок 6,η βόλτα,прогулка,
A2,6,Урок 6,το στέκι,любимое место (посещения),
A2,6,Урок 6,το πράσινο,"зелень (парки, скверы)",
A2,6,Урок 6,ο πελάτης,клиент,
A2,6,Урок 6,η ιδέα,идея,
A2,6,Урок 6,η παραλία,"пляж, набережная",
A2,6,Урок 6,το λούνα παρκ,лунапарк,
A2,6,Урок 6,η βαλίτσα,чемодан,
A2,6,Урок 6,η γειτονιά,"округа, соседство",
A2,6,Урок 6,ο γείτονας // η γειτόνισσα,"сосед, соседка",
A2,6,Урок 6,το δώρο,подарок,
A2,6,Урок 6,η αστυνομία,полиция,
A2,6,Урок 6,ο αστυνομικός,полицейский,
A2,6,Урок 6,ο φάκελος,конверт,
A2,6,Урок 6,το φως,свет (τα φώτα – светофор),
A2,6,Урок 6,τα νέα,новости,
A2,6,Урок 6,η τηλεόραση,телевизор,
A2,6,Урок 6,ο διευθυντής,директор,
A2,6,Урок 6,το ραντεβού,приём,
A2,6,Урок 6,το ταξίδι,поездка,
A2,6,Урок 6,το τηλεφώνημα,телефонный звонок,
A2,6,Урок 6,το τέλος,конец,
A2,6,Урок 6,το νησί,остров,
A2,6,Урок 6,η θέση,место,
A2,6,Урок 6,το ταξίδι,"путешествие, поездка",
A2,6,Урок 6,το φάρμακο,лекарство,
A2,6,Урок 6,συμφωνώ (2),соглашаться,
A2,6,Урок 6,χρησιμοποιώ (2),использовать,
A2,6,Урок 6,πληροφορώ (2),информировать,
A2,6,Урок 6,διαρκώ (2),длиться,
A2,6,Урок 6,κυκλοφορώ (2),"циркулировать, передвигаться, ездить",
A2,6,Урок 6,ενοχλώ (2),"мешать, беспокоить",
A2,6,Урок 6,ακολουθώ (2),следовать,
A2,6,Урок 6,μισώ (2),ненавидеть,
A2,6,Урок 6,λειτουργώ (2),"действовать, функционировать, работать (об аппаратах)",
A2,6,Урок 6,ξεκινώ / ξεκινάω (1),"начинать, выезжать",
A2,6,Урок 6,περνώ / περνάω (1),"проводить, проходить",
A2,6,Урок 6,βάζω,"класть, ставить",
A2,6,Урок 6,δείχνω,показывать,
A2,6,Урок 6,φέρνω,приносить,
A2,6,Урок 6,βγάζω,"доставать, снимать",
A2,6,Урок 6,συγχωρώ (2),прощать,
A2,6,Урок 6,αργώ (2),опаздывать,
A2,6,Урок 6,φεύγω,"уходить, уезжать",
A2,6,Урок 6,φτάνω,"прибывать, успевать, хватать",
A2,6,Урок 6,λέω,"говорить, рассказывать",
A2,6,Урок 6,παίρνω,"брать, получать, принимать, относить, отвозить",
A2,6,Урок 6,αποφασίζω,решать (принимать решение),
A2,6,Урок 6,μπαίνω,входить,
A2,6,Урок 6,βγαίνω,выходить,
A2,6,Урок 6,λατρεύω,обожать,
A2,6,Урок 6,τηλεφωνώ (2),звонить,
A2,6,Урок 6,κοστίζω,стоить,
A2,6,Урок 6,προτιμώ / προτιμάω (1),предпочитать,
A2,6,Урок 6,ανεβαίνω,подниматься,
A2,6,Урок 6,περπατώ / περπατάω (1),ходить пешком,
A2,6,Урок 6,κατεβαίνω,"спускаться, выходить из транспорта",
A2,6,Урок 6,οδηγώ (2),водить,
A2,6,Урок 6,ζω (2),жить,
A2,6,Урок 6,συνδέω,"связывать, соединять",
A2,6,Урок 6,μπορώ (2),мочь,
A2,6,Урок 6,εξηγώ (2),объяснять,
A2,6,Урок 6,επιστρέφω,возвращаться,
A2,6,Урок 6,ανάβω,"включать, зажигать",
A2,6,Урок 6,σβήνω,"тушить, выключать",
A2,6,Урок 6,αναχωρώ,отправляться,
A2,6,Урок 6,θερινός,летний,
A2,6,Урок 6,άνετος,удобный,
A2,6,Урок 6,οικολογικός,экологический,
A2,6,Урок 6,ιδανικός,идеальный,
A2,6,Урок 6,επόμενος,следующий,
A2,6,Урок 6,μειωμένος,сниженный,
A2,6,Урок 6,άλλος,другой,
A2,6,Урок 6,καταπληκτικός,удивительный,
A2,6,Урок 6,αργός,медленный,
A2,6,Урок 6,αγαπημένος,любимый,
A2,6,Урок 6,φανταστικός,фантастический,
A2,6,Урок 6,τέλειος,"идеальный, совершенный",
A2,6,Урок 6,κανονικός,нормальный,
A2,6,Урок 6,κεντρικός,центральный,
A2,6,Урок 6,μαύρος,чёрный,
A2,6,Урок 6,απλός,простой,
A2,6,Урок 6,φτωχός,бедный,
A2,6,Урок 6,περίπου,"приблизительно, примерно",
A2,6,Урок 6,όμως,однако,
A2,6,Урок 6,σίγουρα,"точно, конечно",
A2,6,Урок 6,δεν πειράζει,ничего страшного,
A2,6,Урок 6,εντάξει,хорошо,
A2,6,Урок 6,άλλη φορά,в другой раз,
A2,6,Урок 6,λοιπόν,итак,
A2,6,Урок 6,ορίστε,пожалуйста,
A2,6,Урок 6,το ίδιο,"одинаковое, то же самое",
A2,6,Урок 6,κάθε,каждый,
A2,6,Урок 6,μισό λεπτό,минуточку,
A2,6,Урок 6,κάθε πότε,"как часто, с каким интервалом",
A2,6,Урок 6,πόσο συχνά,как часто,
A2,6,Урок 6,δίπλα,рядом,
A2,6,Урок 6,μακριά,далеко,
A2,6,Урок 6,πάλι,опять,
A2,6,Урок 6,το πρωί,утром,
A2,6,Урок 6,το μεσημέρι,в обед,
A2,6,Урок 6,το απόγευμα,после обеда,
A2,6,Урок 6,το βράδυ,вечером,
A2,6,Урок 6,τη νύχτα,ночью,
A2,6,Урок 6,τα μεσάνυχτα,в полночь,
A2,7,Урок 7,ο καιρός,"время, погода",
A2,7,Урок 7,η ζέστη,жара,
A2,7,Урок 7,το κρύο,холод,
A2,7,Урок 7,η βροχή,дождь,
A2,7,Урок 7,η λιακάδα,солнечная погода,
A2,7,Урок 7,το χιόνι,снег,
A2,7,Урок 7,το σύννεφο,"облако, туча",
A2,7,Урок 7,η συννεφιά,облачная погода,
A2,7,Урок 7,ο αέρας,"воздух, ветер",
A2,7,Урок 7,η θερμοκρασία,температура,
A2,7,Урок 7,η δροσιά,прохлада,
A2,7,Урок 7,τα γενέθλια,день рождения,
A2,7,Урок 7,η γιορτή,праздник,
A2,7,Урок 7,η ονομαστική γιορτή,именины,
A2,7,Урок 7,τα Χριστούγεννα,Рождество,
A2,7,Урок 7,ο χρόνος (τα χρόνια),"время, год (годы, года)",
A2,7,Урок 7,το γυμναστήριο,спортзал,
A2,7,Урок 7,η παρέα,компания (друзей),
A2,7,Урок 7,ο μήνας (οι μήνες),месяц (месяцы),
A2,7,Урок 7,η εβδομάδα (οι εβδομάδες),неделя (недели),
A2,7,Урок 7,η εποχή,"сезон, время года",
A2,7,Урок 7,ο χειμώνας,зима,
A2,7,Урок 7,η άνοιξη,весна,
A2,7,Урок 7,το καλοκαίρι,лето,
A2,7,Урок 7,το φθινόπωρο,осень,
A2,7,Урок 7,το ντους (η ντουζιέρα),душ,
A2,7,Урок 7,το μπάνιο,"ванная, купание",
A2,7,Урок 7,το σκι,лыжи,
A2,7,Урок 7,τα ψώνια,покупки,
A2,7,Урок 7,το πρωινό,завтрак,
A2,7,Урок 7,το μεσημεριανό,обед,
A2,7,Урок 7,το βραδινό,ужин,
A2,7,Урок 7,το σπορ,спорт,
A2,7,Урок 7,το τεστ,"тест, контрольная",
A2,7,Урок 7,το φροντιστήριο,курсы,
A2,7,Урок 7,το πάρτι,вечеринка,
A2,7,Урок 7,το φαξ,факс,
A2,7,Урок 7,η πρόταση,предложение,
A2,7,Урок 7,η συναυλία,концерт,
A2,7,Урок 7,η τζαζ,джаз,
A2,7,Урок 7,το γλυκό,"сладкое, варенье",
A2,7,Урок 7,το βουνό (τα βουνά),гора (горы),
A2,7,Урок 7,η εκκλησία,церковь,
A2,7,Урок 7,η ομάδα,"команда, группа",
A2,7,Урок 7,έξω,"снаружи, вне",
A2,7,Урок 7,όλη μέρα,весь день,
A2,7,Урок 7,πρωί πρωί,рано утром,
A2,7,Урок 7,νωρίς,рано,
A2,7,Урок 7,αργά,поздно,
A2,7,Урок 7,αύριο,завтра,
A2,7,Урок 7,μεθαύριο,после завтра,
A2,7,Урок 7,εδώ και,уже,
A2,7,Урок 7,από πότε,с какого времени,
A2,7,Урок 7,απόψε,сегодня вечером,
A2,7,Урок 7,γύρω σε,около,
A2,7,Урок 7,κάτι,"что-то, что-нибудь",
A2,7,Урок 7,γενικά,в общем,
A2,7,Урок 7,σαν,как,
A2,7,Урок 7,δεν το πιστεύω,невероятно,
A2,7,Урок 7,"πολλά φιλιά, φιλάκια",целую,
A2,7,Урок 7,έγινε,"договорились, случилось",
A2,7,Урок 7,σοβαρά,серьёзно,
A2,7,Урок 7,ευχαρίστως,с удовольствием,
A2,7,Урок 7,καλή τύχη,удачи,
A2,7,Урок 7,όταν,когда,
A2,7,Урок 7,κουρασμένος,уставший,
A2,7,Урок 7,ηλεκτρονικός,электронный,
A2,7,Урок 7,πολλοί,многие,
A2,7,Урок 7,λεπτός,"тонкий, стройный, худой",
A2,7,Урок 7,οικονομικός,"экономический, недорогой",
A2,7,Урок 7,κανονίζω,"договариваться, назначать",
A2,7,Урок 7,απεργώ (2),бастовать,
A2,7,Урок 7,γυρίζω,возвращаться,
A2,7,Урок 7,χορεύω,танцевать,
A2,7,Урок 7,τρέχω,"бежать, бегать, гнать",
A2,7,Урок 7,φυσώ (1),дуть,
A2,7,Урок 7,βρέχει,идёт дождь,
A2,7,Урок 7,χιονίζει,идёт снег,
A2,8,Урок 8 — множественное число,το καρναβάλι,карнавал,
A2,8,Урок 8 — множественное число,οι διακοπές,каникулы,
A2,8,Урок 8 — множественное число,η διακοπή,прерывание,
A2,8,Урок 8 — множественное число,το τραγούδι,песня,
A2,8,Урок 8 — множественное число,το αυγό,яйцо,
A2,8,Урок 8 — множественное число,ο χορτοφάγος,вегетарианец,
A2,8,Урок 8 — множественное число,η ζωή,жизнь,
A2,8,Урок 8 — множественное число,η πανεπιστημιούπολη,кампус,
A2,8,Урок 8 — множественное число,το μπάσκετ,баскетбол,
A2,8,Урок 8 — множественное число,η διασκέδαση,развлечение,
A2,8,Урок 8 — множественное число,η εκδρομή,экскурсия,
A2,8,Урок 8 — множественное число,η κυλιόμενη σκάλα,эскалатор,
A2,8,Урок 8 — множественное число,η αφετηρία,старт,
A2,8,Урок 8 — множественное число,το τέρμα,финиш,
A2,8,Урок 8 — множественное число,η ατμόσφαιρα,атмосфера,
A2,8,Урок 8 — множественное число,η απεργία,забастовка,
A2,8,Урок 8 — множественное число,το χάος,хаос,
A2,8,Урок 8 — множественное число,το κυκλοφοριακό χάος,хаос на дорогах,
A2,8,Урок 8 — множественное число,το εκδοτήριο,касса / аппарат для выдачи билетов,
A2,8,Урок 8 — множественное число,το έτος,год,
A2,8,Урок 8 — множественное число,η μετακίνηση,передвижение,
A2,8,Урок 8 — множественное число,το έργο τέχνης,произведение искусства,
A2,8,Урок 8 — множественное число,ο ελεγκτής,"аудитор, контролёр, ревизор",
A2,8,Урок 8 — множественное число,το γκάλοπ,опрос общественного мнения,
A2,8,Урок 8 — множественное число,η πίτσα,пицца,
A2,8,Урок 8 — множественное число,τα δημητριακά,"cereals, хлопья (зерновые)",
A2,8,Урок 8 — множественное число,το κρεβάτι,кровать,
A2,8,Урок 8 — множественное число,η φοιτητική εστία,студенческое общежитие,
A2,8,Урок 8 — множественное число,η πολυκατοικία,многоквартирный дом,
A2,8,Урок 8 — множественное число,το όνειρο,"мечта, сновидение",
A2,8,Урок 8 — множественное число,το άγαλμα,статуя,
A2,8,Урок 8 — множественное число,το ψυγείο,холодильник,
A2,8,Урок 8 — множественное число,καλοκαιρινός,летний,
A2,8,Урок 8 — множественное число,χοντρός,толстый,
A2,8,Урок 8 — множественное число,μηνιαίος,ежемесячный,
A2,8,Урок 8 — множественное число,τελευταίος,последний,
A2,8,Урок 8 — множественное число,ενιαίος,единый,
A2,8,Урок 8 — множественное число,στενός,узкий,
A2,8,Урок 8 — множественное число,ηλικιωμένος,пожилой,
A2,8,Урок 8 — множественное число,παραδοσιακός,традиционный,
A2,8,Урок 8 — множественное число,επικίνδυνος,опасный,
A2,8,Урок 8 — множественное число,σύντομος,краткий,
A2,8,Урок 8 — множественное число,σκληρός,"жёсткий, жестокий",
A2,8,Урок 8 — множественное число,χαρούμενος,радостный,
A2,8,Урок 8 — множественное число,αρχαίος,древний,
A2,8,Урок 8 — множественное число,διάφορος,разный,
A2,8,Урок 8 — множественное число,συζητώ (1),"обсуждать, спорить",
A2,8,Урок 8 — множественное число,κοιμάμαι,спать,
A2,8,Урок 8 — множественное число,διαλέγω,выбирать,
A2,8,Урок 8 — множественное число,χτυπώ (1),"бить, стучать, звонить (звонок), взбивать",
A2,8,Урок 8 — множественное число,σκέφτομαι,думать,
A2,8,Урок 8 — множественное число,έρχομαι,"приходить, приезжать",
A2,8,Урок 8 — множественное число,ετοιμάζομαι,готовиться,
A2,8,Урок 8 — множественное число,υπάρχω,существовать,
A2,8,Урок 8 — множественное число,κουράζομαι,уставать,
A2,8,Урок 8 — множественное число,ξεκουράζομαι,отдыхать,
A2,8,Урок 8 — множественное число,επιστρέφω,"возвращать, возвращаться",
A2,8,Урок 8 — множественное число,ισχύω,"действовать, быть в силе",
A2,8,Урок 8 — множественное число,επιθυμώ (2),"желать, скучать",
A2,8,Урок 8 — множественное число,μολύνω,"заражать, загрязнать",
A2,8,Урок 8 — множественное число,αναχωρώ (2),"уезжать, отправляться",
A2,8,Урок 8 — множественное число,δημιουργώ (2),создавать,
A2,8,Урок 8 — множественное число,πατώ (1),наступать,
A2,8,Урок 8 — множественное число,ξεχνώ (1),забывать,
A2,8,Урок 8 — множественное число,θαυμάζω,восхищаться,
A2,8,Урок 8 — множественное число,φέτος,в этом году,
A2,8,Урок 8 — множественное число,πέρσι,в прошлом году,
A2,8,Урок 8 — множественное число,καθημερινά,каждый день,
A2,8,Урок 8 — множественное число,πριν κοιμηθώ,перед сном,
A2,8,Урок 8 — множественное число,έπειτα,потом,
A2,8,Урок 8 — множественное число,χάρηκα,я рад,
A2,8,Урок 8 — множественное число,ος,Существительные ж.р. с окончанием,
A2,9,Повторение после главы 8,σύγχρονος,современный,
A2,9,Повторение после главы 8,το κείμενο,текст,
A2,9,Повторение после главы 8,άπαχος,"нежирный, низкокалорийный",
A2,9,Повторение после главы 8,το θέμα,"тема, вопрос",
A2,9,Повторение после главы 8,το κανάλι,канал,
A2,9,Повторение после главы 8,νοιώθω,чувствовать,
A2,9,Повторение после главы 8,η χαρά,радость,
A2,9,Повторение после главы 8,ξανά,снова,
A2,9,Повторение после главы 8,το κομμάτι,"кусок, штука",
A2,9,Повторение после главы 8,η γκαλερί // η πινακοθήκη,галерея,
A2,9,Повторение после главы 8,η Πρωτοχρονιά,Новый год,
A2,9,Повторение после главы 8,παράξενος,странный,
A2,9,Повторение после главы 8,βραδινός,вечерний,
A2,9,Повторение после главы 8,μεταφράζω,переводить,
A2,9,Повторение после главы 8,γνωστός,известный,
A2,9,Повторение после главы 8,κάνω δώρο,дарить,
A2,9,Повторение после главы 8,το κολέγιο,колледж,
A2,9,Повторение после главы 8,η υπηκοότητα,гражданство,
A2,9,Повторение после главы 8,η σύνταξη,пенсия,
A2,9,Повторение после главы 8,το στόμα,рот,
A2,9,Повторение после главы 8,η μύτη,нос,
A2,9,Повторение после главы 8,το μάτι,глаз,
A2,9,Повторение после главы 8,το συμβόλαιο,контракт,
A2,9,Повторение после главы 8,η πρωτεύουσα,столица,
A2,9,Повторение после главы 8,το σεμινάριο,семинар,
A2,9,Повторение после главы 8,το δέντρο,дерево,
A2,9,Повторение после главы 8,η συγκεκριμένη ώρα,назовите мне конкретное время,
A2,9,Повторение после главы 8,η σύγχρονη πόλη,во всех современных городах,
A2,9,Повторение после главы 8,το δύσκολο κείμενο,мы читаем сложные тексты,
A2,9,Повторение после главы 8,το μεγάλο γυμναστήριο,записываюсь в большой спортзал,
A2,9,Повторение после главы 8,ο έξυπνος ψυχολόγος,говорю с умным психологом,
A2,9,Повторение после главы 8,η μεταξωτή μπλούζα,она носит дорогие шёлковые блузки,
A2,9,Повторение после главы 8,εκείνο το διαμέρισμα,во всех тех квартирах,
A2,9,Повторение после главы 8,αυτή η περίοδος,мы изучаем этот период / эти периоды,
A2,9,Повторение после главы 8,ο κρύος χειμώνας,в эту холодную зиму,
A2,9,Повторение после главы 8,το παραδοσιακό τραγούδι,вы поёте традиционные песни,
A2,9,Повторение после главы 8,η ιδανική διαδρομή,я выбираю идеальный маршрут,
A2,9,Повторение после главы 8,ο ευγενικός άνθρωπος,мы работаем с вежливыми людьми,
A2,9,Повторение после главы 8,η κύρια είσοδος,около главного входа / на всех главных входах,
A2,9,Повторение после главы 8,ο πλούσιος πελάτης,для богатых клиентов,
A2,9,Повторение после главы 8,ο θερινός κινηματογράφος,мы идём в летний кинотеатр,
A2,9,Повторение после главы 8,η κλειστή πόρτα,я стучусь в закрытые двери,
A2,9,Повторение после главы 8,η δερμάτινη ζώνη,он покупает кожаный ремень,
A2,9,Повторение после главы 8,ο φρέσκος χυμός,мы пьём только свежие соки,
A2,9,Повторение после главы 8,αυτός ο συγγενής,мы ждём этих родственников,
A2,9,Повторение после главы 8,η ξένη δημοσιογράφος,ужин с иностранными журналистками,
A2,9,Повторение после главы 8,το παλιό διαβατήριο,покажите свой старый паспорт,
A2,9,Повторение после главы 8,το νέο κατάστημα,открывают много новых магазинов,
A2,9,Повторение после главы 8,το άπαχο γάλα,ты предпочитаешь низкокалорийное молоко?,
A2,9,Повторение после главы 8,όλη η χώρα,из всех европейских стран,
A2,9,Повторение после главы 8,το εύκολο θέμα,контрольная по лёгкой теме,
A2,9,Повторение после главы 8,αυτή η υπάλληλος,ты спрашиваешь эту служащую / этих служащих,
A2,9,Повторение после главы 8,ο ξένος εργάτης,работает много иностранных рабочих,
A2,9,Повторение после главы 8,το παλιό νοσοκομείο,далеко от старой больницы,
A2,9,Повторение после главы 8,εκείνος ο ασθενής,он осматривает тех пациентов,
A2,9,Повторение после главы 8,το καλό συνεργείο,вызывать хорошую бригаду,
A2,9,Повторение после главы 8,αυτή η καθηγήτρια,без этих преподавательниц,
A2,9,Повторение после главы 8,η όμορφη οδός,на всех красивых улицах,
A2,9,Повторение после главы 8,ο ιδανικός τόπος,в идеальных местах,
A2,9,Повторение после главы 8,ο νεαρός κομμωτής,семинар для молодых парикмахеров,
A2,9,Повторение после главы 8,αυτή η εθνικότητα,он имеет эту национальность,
A2,9,Повторение после главы 8,το φτηνό ανθοπωλείο,цветы из дешёвых цветочных магазинов,
A2,9,Повторение после главы 8,η καταπληκτική ιδέα,я имею много замечательных идей,
A2,9,Повторение после главы 8,ο γνωστός ποδοσφαιριστής,репортаж об известных футболистах,
A2,9,Повторение после главы 8,το μικρό κορίτσι,я играю с маленькими девочками,
A2,10,Урок 9,το χρώμα,цвет,
A2,10,Урок 9,η σύνδεση,"подключение, соединение",
A2,10,Урок 9,η μάρκα,фирма - производитель,
A2,10,Урок 9,το μοντέλο,модель,
A2,10,Урок 9,η φωτογραφική μηχανή,фотоаппарат,
A2,10,Урок 9,η υπογραφή,подпись,
A2,10,Урок 9,η εγγύηση,гарантия,
A2,10,Урок 9,η γνώμη,мнение,
A2,10,Урок 9,το μήνυμα,сообщение,
A2,10,Урок 9,η βιντεοκάμερα,видеокамера,
A2,10,Урок 9,η βοήθεια,помощь,
A2,10,Урок 9,η έκπτωση,скидка,
A2,10,Урок 9,η ματιά,взгляд,
A2,10,Урок 9,η βιτρίνα,витрина,
A2,10,Урок 9,το δοκιμαστήριο,примерочная,
A2,10,Урок 9,το βάθος,глубина,
A2,10,Урок 9,η σειρά,"ряд, последовательность, очередь, сериал",
A2,10,Урок 9,το ζευγάρι,пара,
A2,10,Урок 9,συγκεκριμένος,конкретный,
A2,10,Урок 9,φυσικός,"натуральный, природный",
A2,10,Урок 9,απαίσιος,"отвратительный, ужасный",
A2,10,Урок 9,μαλακός,мягкий,
A2,10,Урок 9,το πολυτεχνείο,политехнический институт,
A2,10,Урок 9,η ροκ μπάντα,рок-группа,
A2,10,Урок 9,τα ντραμς,ударные,
A2,10,Урок 9,τα αξεσουάρ,аксессуары,
A2,10,Урок 9,ο τύπος,тип,
A2,10,Урок 9,το διάβασμα,"уроки, домашнее задание",
A2,10,Урок 9,η οικοδομή,стройка,
A2,10,Урок 9,προσεκτικά,"внимательно, осторожно",
A2,10,Урок 9,η περιπέτεια,приключение,
A2,10,Урок 9,το ταλέντο,талант,
A2,10,Урок 9,προγραμματίζω,планировать,
A2,10,Урок 9,το μυστικό,"тайна, секрет",
A2,10,Урок 9,το ξεπούλημα,распродажа,
A2,10,Урок 9,ένα λεπτάκι,минуточку,
A2,10,Урок 9,με γεια σας,носите на здоровье,
A2,10,Урок 9,έχεις δίκαιο,ты прав,
A2,10,Урок 9,μετρητά,"наличными, наличные",
A2,10,Урок 9,εργάζομαι,работать,
A2,10,Урок 9,ονομάζομαι,называться,
A2,10,Урок 9,χρειάζομαι,нуждаться,
A2,10,Урок 9,σηκώνομαι,"вставать, подниматься",
A2,10,Урок 9,βρίσκομαι,находиться,
A2,10,Урок 9,πλένομαι,"умываться, мыться",
A2,10,Урок 9,βρίσκω,находить,
A2,10,Урок 9,στέλνω,"посылать, отправлять",
A2,10,Урок 9,δοκιμάζω,"пробовать, примерять,",
A2,10,Урок 9,ρίχνω,"бросать, кидать",
A2,10,Урок 9,αρέσω,нравиться,
A2,10,Урок 9,η γραβάτα,галстук,
A2,10,Урок 9,το κοστούμι,костюм (муж.),
A2,10,Урок 9,το πουλόβερ,свитер,
A2,10,Урок 9,το πουλόβερ με ζιβάγκο,водолазка,
A2,10,Урок 9,το φανελάκι,майка,
A2,10,Урок 9,τα εσώρουχα,нижнее бельё,
A2,10,Урок 9,η φούστα,юбка,
A2,10,Урок 9,τα παπούτσια,туфли,
A2,10,Урок 9,οι μπότες,сапоги,
A2,10,Урок 9,οι παντόφλες,тапочки,
A2,10,Урок 9,τα πέδιλα,босоножки,
A2,10,Урок 9,οι μπαλαρίνες,балетки,
A2,10,Урок 9,οι γόβες,лодочки,
A2,10,Урок 9,τα αθλητικά,кроссовки,
A2,10,Урок 9,τα σανδάλια,сандали,
A2,10,Урок 9,οι σαγιονάρες,вьетнамки,
A2,10,Урок 9,οι κάλτσες,носки,
A2,10,Урок 9,τα γάντια,перчатки,
A2,10,Урок 9,ο σκούφος,шапка,
A2,10,Урок 9,το μπουφάν,куртка,
A2,10,Урок 9,το κασκόλ,шарф (теплый),
A2,10,Урок 9,το φουλάρι,шарф (легкий),
A2,10,Урок 9,η ζώνη,"ремень, пояс",
A2,10,Урок 9,το κόσμημα,украшение,
A2,10,Урок 9,τα σκουλαρίκια,серьги,
A2,10,Урок 9,το βραχιόλι,браслет,
A2,10,Урок 9,το δακτυλίδι,кольцо,
A2,10,Урок 9,το κολιέ,колье,
A2,10,Урок 9,το καλσόν,колготки,
A2,10,Урок 9,το σουτιέν,бюстгалтер,
A2,10,Урок 9,το κιλοτάκι,трусы (жен.),
A2,10,Урок 9,το σλιπ (το μποξεράκι),трусы (муж.),
A2,10,Урок 9,το τζιν,джинсы,
A2,10,Урок 9,η βερμούδα,шорты (длинные),
A2,10,Урок 9,το φούτερ,"толстовка, худи",
A2,10,Урок 9,η φόρμα,"низ от спортивной формы, спортивная форма",
A2,10,Урок 9,η καμπαρντίνα,плащ,
A2,10,Урок 9,το μαγιό,"купальник, плавки",
A2,10,Урок 9,τα υφάσματα / τα υλικά,ткани / материалы,
A2,10,Урок 9,βαμβακερός,хлопчатобумажный,
A2,10,Урок 9,βελούδινος,бархатный,
A2,10,Урок 9,μάλλινος,шерстяной,
A2,10,Урок 9,μεταξωτός,шёлковый,
A2,10,Урок 9,δερμάτινος,кожаный,
A2,10,Урок 9,γούνινος,меховой,
A2,10,Урок 9,κίτρινος,жёлтый,
A2,10,Урок 9,πράσινος,зелёный,
A2,10,Урок 9,γαλάζιος (γαλανός),голубой,
A2,10,Урок 9,μπλε,синий,
A2,10,Урок 9,καφέ,коричневый,
A2,10,Урок 9,γκρι (γκρίζος),серый,
A2,10,Урок 9,μοβ (μωβ),фиолетовый,
A2,10,Урок 9,ροζ,розовый,
A2,10,Урок 9,μπεζ,бежевый,
A2,10,Урок 9,πορτοκαλί,оранжевый,
A2,10,Урок 9,ελάτε μαζί μου,пойдёмте со мной,
A2,10,Урок 9,η εικόνα,"картинка, иллюстрация",
A2,10,Урок 9,και οι δύο // και τα δύο,оба,
A2,10,Урок 9,έλα να μπούμε,давай зайдём,
A2,10,Урок 9,έλα μέσα // πέρασε μέσα,заходи,
A2,10,Урок 9,πάμε,пойдём,
A2,10,Урок 9,η τούρτα,торт,
A2,10,Урок 9,η πάστα,пирожное,
A2,10,Урок 9,η τάρτα,тарталетка,
A2,10,Урок 9,η συνταγή,рецепт,
A2,10,Урок 9,η γεύση // το γούστο,вкус,
A2,10,Урок 9,τι άλλο,что ещё?,
A2,10,Урок 9,δυστυχώς,к сожалению,
A2,10,Урок 9,ο βαθμός,бонус,
A2,10,Урок 9,ρώτα,спроси,
A2,10,Урок 9,να δω,посмотрю,
A2,10,Урок 9,τα έξοδα,расходы,
A2,10,Урок 9,βγάζω λεφτά,зарабатывать деньги,
A2,10,Урок 9,το μέλλον,будущее,
A2,10,Урок 9,"μόλις, μόνο",всего лишь,
A2,10,Урок 9,μόνος μου // ο ίδιος,сам,
A2,10,Урок 9,ο θαυμασμός,восхищение,
A2,10,Урок 9,η συλλογή,коллекция,
A2,10,Урок 9,απολαμβάνω,наслаждаться,
A2,10,Урок 9,η ησυχία,тишина,
A2,10,Урок 9,φτωχός,бедный,
A2,10,Урок 9,ο/η συνταξιούχος,пенсионер,
A2,10,Урок 9,κάνω οικονομία,экономить,
A2,10,Урок 9,για αυτό,поэтому,
A2,10,Урок 9,ομαι,Глаголы на,
A2,10,Урок 9,καμία – κανένα,Местоимение κανένας,
A2,10,Урок 9,ΟΜΑΙ,Глаголы на,
A2,10,Урок 9,χαλώ (2.1),"портить, портиться",
A2,10,Урок 9,πουλώ (2.1),продавать,
A2,10,Урок 9,συμπαθώ (2.2),"симпатизировать, хорошо относиться",
A2,10,Урок 9,ωφελώ (2.2),"быть полезным, приносить пользу",
A2,10,Урок 9,καθαρίζομαι,чиститься,
A2,10,Урок 9,συμβαίνει,происходит,
A2,10,Урок 9,προσκαλώ (2.2),приглашать,
A2,10,Урок 9,κολυμπώ (2.1),плавать,
A2,10,Урок 9,το λεξικό,словарь,
A2,10,Урок 9,το δικό μου,мой собственный,
A2,10,Урок 9,η λίμνη,озеро,
A2,10,Урок 9,η ντίσκο,дискотека,
A2,10,Урок 9,η ηλιοθεραπεία,загар,
A2,10,Урок 9,μάλιστα,"да, конечно // причём",
A2,10,Урок 9,επιπόλαιος,легкомысленный,
A2,10,Урок 9,το ασανσέρ,лифт,
A2,10,Урок 9,η σκάλα,лестница,
A2,10,Урок 9,η χλωρίνη,хлор,
A2,10,Урок 9,το μάρμαρο,мрамор,
A2,10,Урок 9,επειδή,"так как, потому что",
A2,10,Урок 9,με τίποτα,ни за что,
A2,10,Урок 9,γκρινιάζω,ворчать,
A2,10,Урок 9,η γκρίνια,ворчание,
A2,10,Урок 9,ζεσταίνω,"подогревать, согревать",
A2,10,Урок 9,ζεσταίνομαι,"согреваться, мне жарко",
A2,10,Урок 9,ενοικιάζω,сдавать/снимать жильё,
A2,10,Урок 9,ενοικιάζομαι,сдаваться,
A2,10,Урок 9,διορθώνω,исправлять,
A2,10,Урок 9,το εξοχικό,дача,
A2,10,Урок 9,τα γυαλιά,очки,
A2,10,Урок 9,διπλανός,соседний,
A2,10,Урок 9,το διαγώνισμα,контрольная,
A2,10,Урок 9,ο/η συνάδελφος,коллега,
A2,10,Урок 9,μπροστά σε,перед,
A2,10,Урок 9,η λεμονάδα,лимонад,
A2,10,Урок 9,παγωμένος,холодный,
A2,10,Урок 9,ο φόρος,налог,
A2,10,Урок 9,έγκαιρα,заблаговременно,
A2,10,Урок 9,ο δέκατος τρίτος μισθός,тринадцатая зарплата,
A2,10,Урок 9,τόσο νωρίς,так рано,
A2,10,Урок 9,ο θόρυβος,шум,
A2,10,Урок 9,ενοχλητικός,раздражающий,
A2,10,Урок 9,το κύμα,волна,
A2,10,Урок 9,ο διάλογος,диалог,
A2,10,Урок 9,χριστουγεννιάτικος,рождественский,
A2,10,Урок 9,ο περίπατος,прогулка,
A2,10,Урок 9,η διάλεκτος,диалект,
A2,10,Урок 9,η βιταμίνη,витамин,
A2,10,Урок 9,ο λογαριασμός,счет,
A2,10,Урок 9,η επιταγή,чек,
A2,10,Урок 9,ο/η σύζυγος,супруг / супруга,
A2,10,Урок 9,ο παιδικός σταθμός,детсад,
A2,10,Урок 9,η χερσόνησος,полуостров,
A2,10,Урок 9,η κίνηση,движение,
A2,10,Урок 9,φιλόξενος,гостеприимный,
A2,10,Урок 9,η ήπειρος,континент,
A2,10,Урок 9,το ντοκιμαντέρ,документальный фильм,
A2,10,Урок 9,η εξεταστική περίοδος,сессия,
A2,10,Урок 9,τρελός,сумасшедший,
A2,10,Урок 9,το σχέδιο,"план, чертёж",
A2,10,Урок 9,πολλά χαιρετίσματα,большой привет,
A2,10,Урок 9,αντέχω,выносить,
A2,10,Урок 9,η τσιγκουνιά,жадность,
A2,10,Урок 9,ερωτευμένος,влюблённый,
A2,10,Урок 9,ευχαριστημένος,довольный,
A2,10,Урок 9,παντρεύομαι,жениться / выходить замуж,
A2,10,Урок 9,η διάλεξη,лекция,
A2,10,Урок 9,λογικός,"логичный, разумный",
A2,10,Урок 9,αριστερός,левый,
A2,10,Урок 9,υπέροχος,превосходный,
A2,10,Урок 9,πουθενά,"нигде, никуда",
A2,10,Урок 9,συνέχεια,постоянно,
A2,10,Урок 9,πώς τα πας,как успехи? // как отношения,
A2,10,Урок 9,αυριανός,завтрашний,
A2,10,Урок 9,ο δήμαρχος,мэр,
A2,10,Урок 9,γεννήθηκα,родился / родилась,
A2,10,Урок 9,προσέχω,"быть внимательным, осторожным",
A2,10,Урок 9,θυμωμένος,"злой, сердитый",
A2,10,Урок 9,νοιάζω,"волновать, заботить",
A2,10,Урок 9,μοιάζω,быть похожим,
A2,10,Урок 9,φωναχτά,вслух,
A2,10,Урок 9,αποψινός,вечерний (сегодня),
A2,10,Урок 9,ο πόντος,"сантиметр, море",
A2,10,Урок 9,ταιριάζω,подходить,
A2,10,Урок 9,ενδιαφέρω,интересовать,
A2,10,Урок 9,ώρες ώρες,"в какие-то моменты, время от времени",
A2,10,Урок 9,θυμίζω,напоминать,
A2,11,Урок 10,ο Αθηναίος,афинянин,
A2,11,Урок 10,ημερήσιος,однодневный,
A2,11,Урок 10,τουλάχιστον,по крайней мере,
A2,11,Урок 10,ο οργανισμός,"организм, организация",
A2,11,Урок 10,αξιότιμος,уважаемый,
A2,11,Урок 10,με εκτίμηση,с уважением,
A2,11,Урок 10,απ’ έξω,наизусть,
A2,11,Урок 10,η πτήση,рейс,
A2,11,Урок 10,αφήνω,оставлять,
A2,11,Урок 10,η φωνή,голос,
A2,11,Урок 10,το νηπιαγωγείο,детсад,
A2,11,Урок 10,το άρωμα,духи,
A2,11,Урок 10,η μπαλαρίνα,балерина,
A2,11,Урок 10,ο ζωγράφος,художник,
A2,11,Урок 10,ο φιλόσοφος,философ,
A2,11,Урок 10,το προσωπικό,коллектив,
A2,11,Урок 10,μίλα,поговори,
A2,11,Урок 10,αν,если,
A2,11,Урок 10,συμφέρει,выгодно,
A2,11,Урок 10,το πρόσωπο,лицо,
A2,11,Урок 10,το μέτωπο,лоб,
A2,11,Урок 10,το φρύδι,бровь,
A2,11,Урок 10,τα χείλη,губы,
A2,11,Урок 10,ο λαιμός,"шея, горло",
A2,11,Урок 10,το πιγούνι (το σαγόνι),подбородок,
A2,11,Урок 10,το μάγουλο,щека,
A2,11,Урок 10,το αυτί,ухо,
A2,11,Урок 10,οι βλεφαρίδες,ресницы,
A2,11,Урок 10,το σώμα,тело,
A2,11,Урок 10,ο ώμος,плечо,
A2,11,Урок 10,το στήθος (τα στήθη),грудь,
A2,11,Урок 10,η πατούσα (το πέλμα),ступня,
A2,11,Урок 10,η κοιλιά,живот,
A2,11,Урок 10,το στομάχι,желудок,
A2,11,Урок 10,τα δάχτυλα,пальцы,
A2,11,Урок 10,το γόνατο,колено,
A2,11,Урок 10,η μέση,"поясница, талия",
A2,11,Урок 10,η πλάτη,спина,
A2,11,Урок 10,Τι ύψος έχεις,Какого ты роста?,
A2,11,Урок 10,Πόσα κιλά είσαι,Какой у тебя вес?,
A2,11,Урок 10,αδύνατος,худой,
A2,11,Урок 10,παχύς / παχιά,толстый,
A2,11,Урок 10,μακριά,длинные,
A2,11,Урок 10,κοντά,короткий,
A2,11,Урок 10,ίσια,ровные,
A2,11,Урок 10,σγουρά,кучерявые,
A2,11,Урок 10,σπαστά (κυματιστά),волнистые,
A2,11,Урок 10,καστανά,каштановые,
A2,11,Урок 10,μαύρα,чёрные,
A2,11,Урок 10,ξανθά,светлые,
A2,11,Урок 10,κόκκινα,красные,
A2,11,Урок 10,άσπρα // γκρίζα,седые,
A2,11,Урок 10,καστανός / καστανή,шатен,
A2,11,Урок 10,ξανθός / ξανθιά,блондин,
A2,11,Урок 10,μελαχρινός / μελαχρινή,брюнет,
A2,11,Урок 10,ασπρομάλλης / ασπρομάλλα,седой,
A2,11,Урок 10,ξυρισμένος,бритый,
A2,11,Урок 10,το μουστάκι,усы,
A2,11,Урок 10,το μούσι,бородка,
A2,11,Урок 10,τα γένια,борода,
A2,11,Урок 10,η φαλάκρα (φαλακρός),лысина (лысый),
A2,12,Урок 11,καλώς (+ винит.падеж),рад видеть (у себя),
A2,12,Урок 11,τέτοιος,такой,
A2,12,Урок 11,Πώς απ’ εδώ;,какими судьбами?,
A2,12,Урок 11,ευχαρίστως,с удовольствием,
A2,12,Урок 11,ο δήμος,мэрия,
A2,12,Урок 11,ο υδραυλικός,сантехник,
A2,12,Урок 11,το ενοίκιο,оплата за аренду,
A2,12,Урок 11,τετραγωνικός,квадратный,
A2,12,Урок 11,η λάμπα,лампа,
A2,12,Урок 11,ο κλέφτης,вор,
A2,12,Урок 11,εθνικός,национальный,
A2,12,Урок 11,τρομερός,ужасный,
A2,12,Урок 11,το μποτιλιάρισμα,пробка (на дороге),
A2,12,Урок 11,η ουρά,"хвост, очередь",
A2,12,Урок 11,ο πανικός,паника,
A2,12,Урок 11,θυμάμαι,помнить,
A2,12,Урок 11,φοβάμαι,бояться,
A2,12,Урок 11,λυπάμαι,жалеть,
A2,12,Урок 11,η νοσταλγία,ностальгия,
A2,12,Урок 11,σκοτεινός,тёмный,
A2,12,Урок 11,ο κατάλογος,каталог,
A2,12,Урок 11,το δυάρι,квартира с 2 спальнями,
A2,12,Урок 11,δεύτερος,второй,
A2,12,Урок 11,η ερώτηση,вопрос,
A2,12,Урок 11,προχωρώ,продвигаться,
A2,12,Урок 11,ευθεία,прямо,
A2,12,Урок 11,το στενό,переулок,
A2,12,Урок 11,στρίβω,поворачивать,
A2,12,Урок 11,η γωνιά,угол,
A2,12,Урок 11,το φανάρι,светофор,
A2,12,Урок 11,το υπόγειο,подвал,
A2,12,Урок 11,το ισόγειο,нулевой этаж,
A2,12,Урок 11,η γκαρσονιέρα,студия,
A2,12,Урок 11,το στούντιο,студия,
A2,12,Урок 11,το τριάρι,квартира с 3 спальнями,
A2,12,Урок 11,το τεσσάρι,квартира с 4 спальнями,
A2,12,Урок 11,η μεζονέτα,мезонет,
A2,12,Урок 11,η μονοκατοικία,дом,
A2,12,Урок 11,η λεωφόρος,проспект,
A2,12,Урок 11,η παιδική χαρά,детская игровая площадка,
A2,12,Урок 11,η διάβαση,переход,
A2,12,Урок 11,αμέσως,сразу,
A2,12,Урок 11,το ρετιρέ,пентхаус,
A2,12,Урок 11,η κρεβατοκάμαρα (το υπνοδωμάτιο),спальня,
A2,12,Урок 11,φωτεινός,светлый,
A2,12,Урок 11,κάπως,как-то,
A2,12,Урок 11,το ντουλάπι,шкафчик,
A2,12,Урок 11,το κλιματιστικό,кондиционер,
A2,12,Урок 11,όπως θέλετε,как хотите,
A2,12,Урок 11,η τραπεζαρία,столовая,
A2,12,Урок 11,η αποθήκη,"кладовка, склад",
A2,12,Урок 11,το καθιστικό,жилая комната,
A2,12,Урок 11,το συρτάρι,ящик,
A2,12,Урок 11,η βρύση,кран,
A2,12,Урок 11,ο νεροχύτης,раковина (на кухне),
A2,12,Урок 11,το κομοδίνο,тумбочка,
A2,12,Урок 11,η ντουλάπα,шкаф,
A2,12,Урок 11,ο καθρέφτης,зеркало,
A2,12,Урок 11,η πολυθρόνα,кресло,
A2,12,Урок 11,το χαλί,ковёр,
A2,12,Урок 11,το φωτιστικό,осветительный прибор,
A2,12,Урок 11,οι κουρτίνες,занавеси,
A2,12,Урок 11,η μπανιέρα,ванна,
A2,12,Урок 11,ο νιπτήρας,раковина (в туалете / ванной),
A2,12,Урок 11,η λεκάνη τουαλέτας,унитаз,
A2,12,Урок 11,το μπολ,миска,
A2,12,Урок 11,το αποχωρητήριο,туалет,
A2,12,Урок 11,επιπλωμένος,меблированный,
A2,12,Урок 11,η θέα,вид,
A2,12,Урок 11,ο μεσίτης,посредник,
A2,12,Урок 11,πλήρως,полностью,
A2,12,Урок 11,η πρόσβαση,доступ,
A2,12,Урок 11,οι συγκοινωνίες,транспорт,
A2,12,Урок 11,ο ηλιακός θερμοσίφωνας,солнечный нагреватель воды,
A2,12,Урок 11,κατάλληλος,подходящий,
A2,12,Урок 11,η κατασκευή,"конструкция, сооружение, строительство",
A2,12,Урок 11,το ιατρείο,кабинет врача,
A2,12,Урок 11,γωνιακός,угловой,
A2,12,Урок 11,οι ηλεκτρικές συσκευές,электроприборы,
A2,12,Урок 11,γουστάρω,"хотеть, нравиться",
A2,12,Урок 11,άπειρος,"бесчисленный, неопытный",
A2,12,Урок 11,το ψάξιμο,поиск,
A2,12,Урок 11,το μυαλό,"мозг, ум",
A2,12,Урок 11,η τέντα,"тент, навес",
A2,12,Урок 11,κύριος,главный,
A2,12,Урок 11,η πόρτα ασφαλείας,дверь с замками для безопасности,
A2,12,Урок 11,πόσο χαίρομαι που,как я рад что,
A2,12,Урок 11,επιτέλους,наконец-то,
A2,12,Урок 11,ξανά,снова,
A2,12,Урок 11,φαίνομαι,казаться,
A2,12,Урок 11,σύντομα,"кратко, скоро, в скором времени",
A2,12,Урок 11,το θυροτηλέφωνο,домофон,
A2,12,Урок 11,η θέση πάρκινγκ,парковка,
A2,12,Урок 11,ανακαινισμένος,отремонтированный,
A2,12,Урок 11,φρεσκοβαμμένος,свежеокрашенный,
A2,12,Урок 11,τα κοινόχρηστα,плата за общее пользование (подъезд),
A2,12,Урок 11,η σοφίτα,мансарда,
A2,12,Урок 11,η σκεπή (η στέγη),крыша,
A2,12,Урок 11,τα κεραμίδια,черепица,
A2,12,Урок 11,τα κάγκελα,решётка,
A2,12,Урок 11,ο φράκτης,"забор, ограда",
A2,12,Урок 11,η αυλή,двор,
A2,12,Урок 11,η πισίνα,бассейн,
A2,12,Урок 11,το παγκάκι,лавочка,
A2,12,Урок 11,η κούνια,качели,
A2,12,Урок 11,ο ιδιοκτήτης / η ιδιοκτήτρια,владелец,
A2,12,Урок 11,ο ενοικιαστής / η ενοικιάστρια,квартиросъёмщик,
A2,12,Урок 11,μετακομίζω,переезжать,
A2,12,Урок 11,η πέτρα,камень,
A2,12,Урок 11,πέτρινος,каменный,
A2,12,Урок 11,το ξύλο,дерево,
A2,12,Урок 11,ξύλινος,деревянный,
A2,12,Урок 11,το τούβλο,кирпич,
A2,12,Урок 11,ενδιαφέρομαι,интересоваться,
A2,12,Урок 11,η ευκαιρία,"удобный случай, шанс",
A2,12,Урок 11,στρογγυλός,круглый,
A2,12,Урок 11,ονειρεύομαι,мечтать,
A2,12,Урок 11,βιάζομαι,спешить,
A2,12,Урок 11,αγχώνομαι,волноваться,
A2,12,Урок 11,αισθάνομαι,чувствовать,
A2,12,Урок 11,σιχαίνομαι,"испытывать отвращение, брезговать",
A2,12,Урок 11,αδέσποτος,бездомный (животное),
A2,12,Урок 11,θετικός,положительный,
A2,12,Урок 11,το σημείο,"точка, пункт",
A2,12,Урок 11,προηγούμενος,предыдущий,
A2,12,Урок 11,η απόφαση,решение,
A2,12,Урок 11,το εξώφυλλο,обложка,
A2,12,Урок 11,τα υποδήματα,обувь,
A2,12,Урок 11,το κτήριο,здание,
A2,12,Урок 11,η χρήση,использование,
A2,12,Урок 11,η κριτική,критика,
A2,12,Урок 11,κατηγορώ,обвинять,
A2,12,Урок 11,ο πρόεδρος,президент,
A2,12,Урок 11,το εισόδημα,доход,
A2,12,Урок 11,η Μεσόγειος,"Средиземное море, Средиземноморье",
A2,12,Урок 11,προσφέρω,"предоставлять, преподносить",
A2,12,Урок 11,άριστος,отличный,
A2,12,Урок 11,η ποιότητα,качество,
A2,12,Урок 11,ο κάτοχος,владелец,
A2,12,Урок 11,η παράσταση,спектакль,
A2,12,Урок 11,τα χρωματιστά,цветные карандаши,
A2,12,Урок 11,ο επιστήμονας,ученый,
A2,12,Урок 11,πεντάστερος,пятизвездочный,
A2,12,Урок 11,το τέλος,конец,
A2,12,Урок 11,η καριέρα,карьера,
A2,12,Урок 11,"οι συνομιλίες, οι διαπραγματεύσεις",переговоры,
A2,12,Урок 11,η σημασία,значение,
A2,12,Урок 11,η συνάντηση,встреча,
A2,12,Урок 11,ο επιχειρηματίας,предприниматель,
A2,12,Урок 11,σέβομαι,уважать,
A2,12,Урок 11,ο πολίτης,гражданин,
A2,12,Урок 11,το έγγραφο,документ,
A2,12,Урок 11,ο κάτοικος,житель,
A2,12,Урок 11,ο κανόνας,правило,
A2,12,Урок 11,ελέγχω,проверять,
A2,12,Урок 11,το εμπόρευμα,товар,
A2,12,Урок 11,τα στοιχεία,данные,
A2,12,Урок 11,η ανθοδέσμη,букет,
A2,12,Урок 11,γνωρίζω,знакомить,
A2,12,Урок 11,"το μοναστήρι, η μονή",монастырь,
A2,12,Урок 11,η αγορά,"покупка, рынок",
A2,12,Урок 11,η επιτυχία,успех,
A2,12,Урок 11,ο πληθυσμός,население,
A2,12,Урок 11,το οικόπεδο,участок земли,
A2,12,Урок 11,αδιαφορώ,быть безразличным,
A2,12,Урок 11,η μυρωδιά,запах,
A2,12,Урок 11,η οδηγία,"директива, инструкция",
A2,12,Урок 11,ήσυχος,спокойный,
A2,12,Урок 11,η κοινωνία,общество,
A2,12,Урок 11,η προστασία,"защита, охрана",
A2,12,Урок 11,ο ξεναγός,гид,
A2,12,Урок 11,η λύση,решение,
A2,12,Урок 11,η μελέτη,изучение,
A2,12,Урок 11,το εξωτερικό,территория за пределами страны,
A2,12,Урок 11,το στολίδι,украшение,
A2,12,Урок 11,το λογιστήριο,бухгалтерия,
A2,12,Урок 11,η νίκη,победа,
A2,12,Урок 11,το πρωτάθλημα,чемпионат,
A2,12,Урок 11,αλλάζω,менять,
A2,12,Урок 11,ο λαός,народ,
A2,12,Урок 11,η Ευρωπαϊκή Ένωση,Евросоюз,
A2,12,Урок 11,η ασθένεια,заболевание,
A2,12,Урок 11,η θεραπεία,лечение,
A2,12,Урок 11,σημερινός,сегодняшний,
A2,12,Урок 11,το άρθρο,статья,
A2,12,Урок 11,ο ωκεανός,океан,
A2,12,Урок 11,το αποτέλεσμα,результат,
B1,1,B1 · Ενότητα 1,το τόξο,лук,
B1,1,B1 · Ενότητα 1,η απόσταση,расстояние,
B1,1,B1 · Ενότητα 1,τα χαρακτηριστικά προσώπου,черты лица,
B1,1,B1 · Ενότητα 1,το ένστικτο,инстинкт,
B1,1,B1 · Ενότητα 1,το συναίσθημα,чувство,
B1,1,B1 · Ενότητα 1,το σημάδι,"след, метка, знак",
B1,1,B1 · Ενότητα 1,το δοκίμιο,эссе,
B1,1,B1 · Ενότητα 1,το απόσπασμα,"отрывок (речи, текста), отряд, расстрел",
B1,1,B1 · Ενότητα 1,η προσέγγιση,"подход, приближение",
B1,1,B1 · Ενότητα 1,η διάσταση,"размер, измерение, отдаление (об отношениях супругов)",
B1,1,B1 · Ενότητα 1,η ωριμότητα,зрелость,
B1,1,B1 · Ενότητα 1,η σεμνότητα,скромность,
B1,1,B1 · Ενότητα 1,ο δυναμισμός,динамизм,
B1,1,B1 · Ενότητα 1,η ευγένεια,"благородство, вежливость",
B1,1,B1 · Ενότητα 1,η ευαισθησία,"чувствительность, ранимость",
B1,1,B1 · Ενότητα 1,η ανωριμότητα,незрелость,
B1,1,B1 · Ενότητα 1,η ανταύγεια,отблеск,
B1,1,B1 · Ενότητα 1,η βλεφαρίδα,ресница,
B1,1,B1 · Ενότητα 1,ο παράγοντας,"фактор, важная персона",
B1,1,B1 · Ενότητα 1,ο γραφικός χαρακτήρας,почерк,
B1,1,B1 · Ενότητα 1,το πανί,полотно,
B1,1,B1 · Ενότητα 1,η προσωπικότητα,личность,
B1,1,B1 · Ενότητα 1,ο/η σύντροφος,"товарищ, сожитель",
B1,1,B1 · Ενότητα 1,η συντροφικότητα,отношения между товарищами,
B1,1,B1 · Ενότητα 1,ο κύβος,"куб, жребий",
B1,1,B1 · Ενότητα 1,τα διόδια,дорожная пошлина,
B1,1,B1 · Ενότητα 1,η άνοδος,рост,
B1,1,B1 · Ενότητα 1,η αντίληψη,воззрение,
B1,1,B1 · Ενότητα 1,η κατάψυξη,"замораживание, морозильник",
B1,1,B1 · Ενότητα 1,ο συνδυασμός,сочетание,
B1,1,B1 · Ενότητα 1,η απαίτηση,требование,
B1,1,B1 · Ενότητα 1,η ιδιαιτερότητα,особенность,
B1,1,B1 · Ενότητα 1,το κουτσομπολιό,сплетня,
B1,1,B1 · Ενότητα 1,η νενέκα,бабушка,
B1,1,B1 · Ενότητα 1,το διαζύγιο,развод,
B1,1,B1 · Ενότητα 1,το μαγείρεμα,приготовление пищи,
B1,1,B1 · Ενότητα 1,το πέρασμα,"проход, прошествие",
B1,1,B1 · Ενότητα 1,τα γεράματα,старость,
B1,1,B1 · Ενότητα 1,το ξεκίνημα,начало,
B1,1,B1 · Ενότητα 1,ο γαμπρός,"зять, жених",
B1,1,B1 · Ενότητα 1,η ασχολία,занятие,
B1,1,B1 · Ενότητα 1,ο τομέας,"сектор, сфера",
B1,1,B1 · Ενότητα 1,η πολίτισσα,жительница Константинополя,
B1,1,B1 · Ενότητα 1,η αρχόντισσα,знатная дама,
B1,1,B1 · Ενότητα 1,το δείγμα,образец,
B1,1,B1 · Ενότητα 1,η ομοιότητα,сходство,
B1,1,B1 · Ενότητα 1,το ζώδιο,знак зодиака,
B1,1,B1 · Ενότητα 1,η αγωνία,"переживание, волнение, агония, нетерпение",
B1,1,B1 · Ενότητα 1,η συνεργασία,сотрудничество,
B1,1,B1 · Ενότητα 1,η εμφάνιση,"появление, внешность",
B1,1,B1 · Ενότητα 1,το χόμπι,хобби,
B1,1,B1 · Ενότητα 1,η δόξα,слава,
B1,1,B1 · Ενότητα 1,η ουσία,"вещество, суть, сущность",
B1,1,B1 · Ενότητα 1,η τόλμη,"отвага, смелость",
B1,1,B1 · Ενότητα 1,η αφή,"осязание, зажжение (огня)",
B1,1,B1 · Ενότητα 1,το τάβλι,нарды,
B1,1,B1 · Ενότητα 1,η γαλήνη,спокойствие,
B1,1,B1 · Ενότητα 1,ο έφηβος,подросток,
B1,1,B1 · Ενότητα 1,η εκπομπή,"передача, выброс",
B1,1,B1 · Ενότητα 1,η βεγγέρα,визит (допоздна),
B1,1,B1 · Ενότητα 1,η σφραγίδα,печать,
B1,1,B1 · Ενότητα 1,κεντώ,вышивать,
B1,1,B1 · Ενότητα 1,διαμορφώνω,формировать,
B1,1,B1 · Ενότητα 1,ανακαλύπτω,открывать,
B1,1,B1 · Ενότητα 1,προσπερνώ,"обходить, обгонять",
B1,1,B1 · Ενότητα 1,εννοώ,"иметь ввиду, понимать, подразумевать",
B1,1,B1 · Ενότητα 1,αποκαλώ,"называть, прозывать",
B1,1,B1 · Ενότητα 1,αποκτώ,приобретать,
B1,1,B1 · Ενότητα 1,παρατώ,"бросать, оставлять",
B1,1,B1 · Ενότητα 1,ελευθερώνω,освобождать,
B1,1,B1 · Ενότητα 1,παραμένω,оставаться,
B1,1,B1 · Ενότητα 1,ξεφλουδίζω,"чистить кожуру, шелушиться",
B1,1,B1 · Ενότητα 1,συνδυάζω,сочетать,
B1,1,B1 · Ενότητα 1,αναζητώ,искать,
B1,1,B1 · Ενότητα 1,φανερώνω,"проявлять, показывать, открывать",
B1,1,B1 · Ενότητα 1,προεξέχω,"торчать, выдаваться вперед, выступать",
B1,1,B1 · Ενότητα 1,συμβολίζω,символизировать,
B1,1,B1 · Ενότητα 1,ηρεμώ,"успокаивать, успокаиваться",
B1,1,B1 · Ενότητα 1,ωριμάζω,"становиться зрелым, созревать, поспевать",
B1,1,B1 · Ενότητα 1,δυναμώνω,"укреплять, становиться сильным",
B1,1,B1 · Ενότητα 1,ενώνω,"объединять, соединять",
B1,1,B1 · Ενότητα 1,διαφωνώ,выражать разногласие,
B1,1,B1 · Ενότητα 1,νευρικός,нервный,
B1,1,B1 · Ενότητα 1,θεωρητικός,теоретический,
B1,1,B1 · Ενότητα 1,πρακτικός,практический,
B1,1,B1 · Ενότητα 1,δυναμικός,динамический,
B1,1,B1 · Ενότητα 1,συμβολικός,символический,
B1,1,B1 · Ενότητα 1,πληροφοριακός,информационный,
B1,1,B1 · Ενότητα 1,μακρόστενος,"удлиненный, вытянутый",
B1,1,B1 · Ενότητα 1,χλωμός,бледный,
B1,1,B1 · Ενότητα 1,ασήμαντος,неважный,
B1,1,B1 · Ενότητα 1,μεγαλόσωμος,крупный (телосложение),
B1,1,B1 · Ενότητα 1,μικρόσωμος,мелкий (телосложение),
B1,1,B1 · Ενότητα 1,ερωτικός,"любовный, эротический",
B1,1,B1 · Ενότητα 1,γερασμένος,постаревший,
B1,1,B1 · Ενότητα 1,αλλαγμένος,изменившийся,
B1,1,B1 · Ενότητα 1,μαγειρευτός,"приготовленный (в кастрюле, в духовке)",
B1,1,B1 · Ενότητα 1,φιλοξενούμενος,находящийся в гостях,
B1,1,B1 · Ενότητα 1,περαστικός,прохожий,
B1,1,B1 · Ενότητα 1,πολίτικος,относящийся к Константинополю,
B1,1,B1 · Ενότητα 1,ορισμένος,определенный,
B1,1,B1 · Ενότητα 1,θεαματικός,"впечатляющий, зрелищный",
B1,1,B1 · Ενότητα 1,ψυχαγωγικός,развлекательный,
B1,1,B1 · Ενότητα 1,υγιεινός,полезный здоровью,
B1,1,B1 · Ενότητα 1,παχουλός,полный,
B1,1,B1 · Ενότητα 1,δίδυμος,близнец,
B1,1,B1 · Ενότητα 1,ευαίσθητος,"ранимый, чувствительный",
B1,1,B1 · Ενότητα 1,ανώριμος,незрелый,
B1,1,B1 · Ενότητα 1,σταθερός,"стабильный, устойчивый",
B1,1,B1 · Ενότητα 1,κουτός,глупый,
B1,1,B1 · Ενότητα 1,αναίσθητος,"безразличный, бесчувственный, находящийся в бесчувственном состоянии",
B1,1,B1 · Ενότητα 1,ανίκανος,неспособный,
B1,1,B1 · Ενότητα 1,ετεροθαλής,сводный,
B1,1,B1 · Ενότητα 1,αισιόδοξος,оптимист,
B1,1,B1 · Ενότητα 1,απαισιόδοξος,пессимист,
B1,1,B1 · Ενότητα 1,ικανός,способный,
B1,1,B1 · Ενότητα 1,αμυγδαλωτός,"миндалевидный, миндальный",
B1,1,B1 · Ενότητα 1,άλλωστε,впрочем,
B1,1,B1 · Ενότητα 1,το μέρος,"место, часть",
B1,1,B1 · Ενότητα 1,το είδος,вид,
B1,1,B1 · Ενότητα 1,το τέλος,конец,
B1,1,B1 · Ενότητα 1,το άγχος,стресс,
B1,1,B1 · Ενότητα 1,το λίπος,жир,
B1,1,B1 · Ενότητα 1,το στήθος,"грудь, грудинка",
B1,1,B1 · Ενότητα 1,το δάσος,лес,
B1,1,B1 · Ενότητα 1,το ύφος,вид (внешне),
B1,1,B1 · Ενότητα 1,το κράτος,государство,
B1,1,B1 · Ενότητα 1,το έθνος,нация,
B1,1,B1 · Ενότητα 1,το μέλος,член,
B1,1,B1 · Ενότητα 1,το πλήθος,толпа,
B1,1,B1 · Ενότητα 1,το κόστος,себестоимость,
B1,1,B1 · Ενότητα 1,το κέρδος,прибыль,
B1,1,B1 · Ενότητα 1,το χρέος,долг,
B1,1,B1 · Ενότητα 1,το βέλος,стрела,
B1,1,B1 · Ενότητα 1,το θάρρος,отвага (нет р.п. мн.ч.),
B1,1,B1 · Ενότητα 1,το θράσος,"наглость, дерзость (нет мн.ч.)",
B1,1,B1 · Ενότητα 1,το ήθος,нрав,
B1,1,B1 · Ενότητα 1,το πάθος,страсть,
B1,1,B1 · Ενότητα 1,το γένος,род,
B1,1,B1 · Ενότητα 1,το πένθος,траур,
B1,1,B1 · Ενότητα 1,το βρέφος,младенец,
B1,1,B1 · Ενότητα 1,το κράνος,"шлем, каска",
B1,1,B1 · Ενότητα 1,το ίχνος,след,
B1,1,B1 · Ενότητα 1,το μίσος,ненависть (нет р.п. мн.ч.),
B1,1,B1 · Ενότητα 1,το χάος,хаос (нет мн.ч.),
B1,1,B1 · Ενότητα 1,το μήκος,длина,
B1,1,B1 · Ενότητα 1,το ύψος,высота,
B1,1,B1 · Ενότητα 1,το πλάτος,ширина,
B1,1,B1 · Ενότητα 1,το φάρδος,ширина,
B1,1,B1 · Ενότητα 1,το βάθος,глубина,
B1,1,B1 · Ενότητα 1,το βάρος,"вес, тяжесть",
B1,1,B1 · Ενότητα 1,το μέγεθος,размер,
B1,1,B1 · Ενότητα 1,το πέλαγος,море,
B1,1,B1 · Ενότητα 1,το όφελος,"польза, выгода",
B1,1,B1 · Ενότητα 1,το έδαφος,"почва, территория",
B1,1,B1 · Ενότητα 1,το στέλεχος,главный член,
B1,1,B1 · Ενότητα 1,το όρος,гора,
B1,1,B1 · Ενότητα 1,το άνθος,цветок,
B1,1,B1 · Ενότητα 1,το χείλος,губа,
B1,1,B1 · Ενότητα 1,ο ψαράς,рыбак,
B1,1,B1 · Ενότητα 1,ο ντολμάς,долма (блюдо),
B1,1,B1 · Ενότητα 1,ο βασιλιάς,царь,
B1,1,B1 · Ενότητα 1,ο μπαμπάς,папа,
B1,1,B1 · Ενότητα 1,ο λουκουμάς,лукумас (сладость),
B1,1,B1 · Ενότητα 1,ο καστανάς,продавец жареных каштанов,
B1,1,B1 · Ενότητα 1,ο περιπτεράς,владелец или продавец киоска,
B1,1,B1 · Ενότητα 1,ο καβγάς,ссора,
B1,1,B1 · Ενότητα 1,ο υπναράς,соня,
B1,1,B1 · Ενότητα 1,ο παπάς,поп,
B1,1,B1 · Ενότητα 1,ο μουσακάς,мусака (блюдо),
B1,1,B1 · Ενότητα 1,ο αρακάς,горох,
B1,1,B1 · Ενότητα 1,ο χαλβάς,халва (сладость),
B1,1,B1 · Ενότητα 1,ο μπακλαβάς,пахлава (сладость),
B1,1,B1 · Ενότητα 1,ο κουβάς,ведро,
B1,1,B1 · Ενότητα 1,ο ρολογάς,часовщик,
B1,1,B1 · Ενότητα 1,ο σφουγγαράς,ныряльщик за губками (профессия),
B1,1,B1 · Ενότητα 1,ο μπελάς,"проблема, головная боль",
B1,1,B1 · Ενότητα 1,ο αμαξάς,кучер,
B1,1,B1 · Ενότητα 1,ο βοριάς,северный ветер,
B1,1,B1 · Ενότητα 1,ο γιακάς,воротник,
B1,1,B1 · Ενότητα 1,ο γαλατάς,продавец молока,
B1,1,B1 · Ενότητα 1,ο κουμπαράς,копилка,
B1,1,B1 · Ενότητα 1,ο μπακάλης,продавец в продуктовом магазине,
B1,1,B1 · Ενότητα 1,ο σουβλατζής,имеющий шашлычную,
B1,1,B1 · Ενότητα 1,ο βαρκάρης,лодочник,
B1,1,B1 · Ενότητα 1,ο καφετζής,имеющий кофейню,
B1,1,B1 · Ενότητα 1,ο φορτηγατζής,водитель грузовика,
B1,1,B1 · Ενότητα 1,ο παλιατζής,старьевщик,
B1,1,B1 · Ενότητα 1,ο ταβερνιάρης,владелец таверны,
B1,1,B1 · Ενότητα 1,ο ψιλικατζής,продавец мелких товаров,
B1,1,B1 · Ενότητα 1,ο κουλουρτζής (κουλουράς),продавец баранок,
B1,1,B1 · Ενότητα 1,ο μανάβης,продавец овощей и фруктов,
B1,1,B1 · Ενότητα 1,ο μπογιατζής,маляр,
B1,1,B1 · Ενότητα 1,ο τσαγκάρης / ο παπουτσής,сапожник,
B1,1,B1 · Ενότητα 1,ο φούρναρης,пекарь,
B1,1,B1 · Ενότητα 1,ο ταξιτζής,таксист,
B1,1,B1 · Ενότητα 1,ο χιμπατζής,шимпанзе,
B1,1,B1 · Ενότητα 1,ο παγωτατζής,продавец мороженого,
B1,1,B1 · Ενότητα 1,ο μπέμπης,маленький ребенок,
B1,1,B1 · Ενότητα 1,ο νοικοκύρης,хозяин,
B1,1,B1 · Ενότητα 1,ο χασάπης,мясник,
B1,1,B1 · Ενότητα 1,ο καναπές,диван,
B1,1,B1 · Ενότητα 1,ο μεζές,закуска,
B1,1,B1 · Ενότητα 1,ο πουρές,пюре,
B1,1,B1 · Ενότητα 1,ο μπουφές,"буфет, шведский стол",
B1,1,B1 · Ενότητα 1,ο λεκές,пятно,
B1,1,B1 · Ενότητα 1,ο τενεκές,жестяная банка,
B1,1,B1 · Ενότητα 1,ο κεφτές,круглая котлетка,
B1,1,B1 · Ενότητα 1,ο καφές,кофе,
B1,1,B1 · Ενότητα 1,ο φερετζές,"чадра, паранджа",
B1,1,B1 · Ενότητα 1,ο παππούς,дедушка,
B1,1,B1 · Ενότητα 1,ο νους,ум,
B1,1,B1 · Ενότητα 1,ο Ιησούς,Иисус,
B1,1,B1 · Ενότητα 1,η γιαγιά,бабушка,
B1,1,B1 · Ενότητα 1,η κυρά,госпожа,
B1,1,B1 · Ενότητα 1,η μαμά,мама,
B1,1,B1 · Ενότητα 1,η νταντά,няня,
B1,1,B1 · Ενότητα 1,η αλεπού,лиса,
B1,1,B1 · Ενότητα 1,η μαϊμού,обезьяна,
B1,1,B1 · Ενότητα 1,η ταξιτζού,таксист (женщина),
B1,1,B1 · Ενότητα 1,η υπναρού,соня (женщина),
B1,1,B1 · Ενότητα 1,η γλωσσού,болтушка,
B1,1,B1 · Ενότητα 1,τα ψάρια,του ψαρά / των ψαράδων,
